"","SOC","pH","CEC","TP","TK","AK","AP","TN","NO3","NH4","DOC","MAT","AI","AD","Neg","Int","SR"
"S1.A.D",27.7946109396752,7.85,18.19063578,0.92,14.80669589,171.4,25.41,2.229,111.4998666,0.372174033,150.3285353,2.2,0.7092,12.5982658959538,0,0.0952053223216334,305
"S1.A.U",27.5803311136891,7.83,18.34245904,0.8,14.96401439,175.6,24.36,2.321,100.4533756,2.28638974,97.20285139,2.2,0.7092,12.4645340751043,0.0102655657219371,0.0908279401919214,350
"S1.F.1.D",11.4789099535963,7.93,9.048797019,0.39,13.17365269,113.5,1.01,0.7,7.892168467,2.397276585,189.3681528,3.2,0.7129,11.9539473684211,0.000275178866263071,0.0880572372041827,271
"S1.F.1.U",16.4540529988399,7.88,14.02969878,0.36,13.48841853,194.5,2.51,1.052,20.03088038,27.8206672,284.8753544,3.2,0.7129,11.9615384615385,0.00991425509110396,0.0937834941050375,327
"S1.G.D",114.861331322506,7.72,34.38809732,0.69,15.34317638,122.9,2.11,5.708,41.17178221,17.34298428,312.7841902,0.7,0.6341,10.7260940032415,0.00181323662737987,0.0903596252644303,366
"S1.G.U",139.792332888631,7.13,37.08411995,0.47,15.02792182,357.7,3.31,7.312,66.03262011,12.37357575,231.7207368,0.7,0.6341,10.5806451612903,0.0013550135501355,0.0853658536585366,255
"S1.W.1.D",41.0667799535963,7.49,17.1405098,0.38,13.68715084,126.1,5.76,2.512,1.664560119,14.53682563,125.3036935,3.2,0.7129,13.2166064981949,0.000273149412728763,0.090958754438678,503
"S1.W.1.U",42.312576363109,7.44,21.85740097,0.49,14.07931447,188.2,14.16,3.634,2.424641365,16.76650112,113.0814957,3.2,0.7129,12.2957486136784,0.000300661455201443,0.0835838845460012,425
"S10.A.D",12.6364890429234,8.39,11.04948566,0.26,20.67346123,165,11.06,1.029,9.364023998,0.626030426,120.7264898,4.5,0.8106,10.7355704697987,0.000250062515628907,0.100025006251563,336
"S10.A.U",12.2299504118329,8.4,11.84981263,0.58,21.68662675,235.6,36.71,1.108,2.768682575,1.421222601,92.71539442,4.5,0.8106,10.9696169088507,0.00939306358381503,0.098747591522158,313
"S10.F.D",11.5069346403712,8.26,11.34290508,0.37,21.80511182,146.1,0.96,0.916,1.477781502,0.641398221,84.82316549,4.5,0.8106,10.7314285714286,0.00212992545260916,0.0982428115015974,348
"S10.F.U",14.9610190603248,8.15,11.9859224,0.1,19.43222711,227.2,1.81,1.106,4.604929586,1.094999604,83.69446976,4.5,0.8106,9.87709497206704,0.0113122171945701,0.0856900452488688,418
"S10.H.D",10.3482228190255,8.01,10.52444814,0.2,18.75249103,171.4,1.61,0.708,4.10208567,0.287141743,82.75637729,4.5,0.8106,8.98928024502297,0.01396933560477,0.103577512776831,381
"S10.H.U",6.98005504060325,8.34,10.48791216,0.17,20.22954092,233.5,3.01,0.899,7.127640285,0.938791194,73.72780817,4.5,0.8106,8.17220543806646,0.0011090573012939,0.077264325323475,356
"S11.A.U",18.5912204060325,8.13,15.64750302,0.23,20.83333333,229.3,18.61,1.468,22.65548113,0.642547038,152.5818867,0.8,0.7604,12.672384219554,0.00135354629128316,0.0850027070925826,361
"S11.G.D",22.2319212006961,7.77,16.76592914,0.21,19.31681982,241.9,0.81,2.102,12.79307502,0.19866475,139.3644909,3,0.7659,12.1875901875902,0.0014207909069382,0.0970873786407767,319
"S11.G.U",21.1758156438515,8.18,16.11735271,0.28,19.51876997,197.7,1.56,2.136,16.53728834,0.246537516,117.6387378,3,0.7659,12.4466666666667,0.0112479914301018,0.103642206748795,288
"S11.H.D",14.4660040429234,8.04,12.23813295,0.06,18.15369261,180.8,1.21,1.124,27.663462,0.022827275,129.3119498,3,0.7659,8.66424682395644,0.00167574361122748,0.093841642228739,293
"S11.H.U",13.6502954582367,7.95,12.84594847,0.13,20.02994012,214.5,2.76,1.15,7.72749603,0.22342844,80.36274135,3,0.7659,7.5807560137457,0.00181323662737987,0.106074342701723,387
"S12.A.D",13.1284857134571,8.34,9.246272921,0.31,19.79665072,154.5,4.26,0.618,4.432236544,50.0149883,81.87559084,5.1,0.8002,12.3323076923077,0.000249500998003992,0.101297405189621,339
"S12.A.U",19.6886678480278,8.18,14.97411079,0.23,20.32309533,243,7.11,1.385,1.431127627,3.035958177,135.8572069,5.1,0.8002,12.3674074074074,0.00095831336847149,0.105654048873982,369
"S12.G.D",14.8271400058005,8.21,13.33643985,0.17,19.34,118.7,0.76,1.107,3.765594803,0.551249239,226.0976879,5.1,0.8002,12.7228571428571,0,0.093644733887267,308
"S12.G.U",10.5072444315545,8.1,10.61338018,0.26,20.37185126,160.8,5.41,0.814,7.292609219,50.50741475,114.7154927,5.1,0.8002,12.352380952381,0.00102801336417373,0.0917501927525058,377
"S12.H.D",8.26137859048724,8.36,9.400353651,0.14,21.81382341,204,0.66,0.427,3.852409135,0.638798151,77.03905701,5.1,0.8002,12.4618055555556,0.000835887433825578,0.104207300083589,256
"S12.H.U",9.32316546983759,8.64,9.672895983,0.14,20.2053429,226.1,1.31,0.524,4.052621024,0.337981293,96.72573964,5.1,0.8002,11.7151515151515,0.00155199172271081,0.0688049663735127,260
"S12.W.D",15.0222004524362,7.8,8.969503687,0.19,13.92,87.1,0.66,0.822,0.562808212,6.8529859,108.050543,5,0.8028,12.1608695652174,0,0.0911691097604576,423
"S12.W.U",17.2906368851508,7.75,11.67969224,0.34,14.51516361,115.6,1.56,1.135,0.639081984,8.838693783,157.5585247,5,0.8028,10.5856573705179,0,0.104252916823485,567
"S13.F.D",10.3578697969838,7.94,9.859883577,0.2,12.46501399,128.2,0.81,0.819,4.588140284,0.161327014,64.40174408,5,0.8152,9.16837481698389,0.0121366975407218,0.0638773554774832,374
"S13.F.U",19.383437824826,7.73,17.51598561,0.2,12.98480608,391.4,1.86,1.653,26.32821215,0.638672568,119.1869457,5,0.8152,9.39067055393586,0.0127289661595778,0.0937597019559143,439
"S13.G.D",16.5244667517401,7.53,12.13397295,0.28,12.94340375,80.8,0.86,1.134,0.87536448,3.098388307,75.94680096,5,0.8152,10.5582191780822,0.0129743756081739,0.040220564385339,251
"S13.G.U",13.6353606960557,8.25,9.13525653,0.17,12.52990431,76.6,2.31,0.832,2.329584903,60.05514075,74.48685981,5,0.8152,8.60517799352751,0.00225648740127868,0.0646859721699887,426
"S14.A.D",8.69651259860789,8.44,10.40442372,0.29,13.56658692,95.6,2.16,0.728,34.17675738,0.114161503,59.61057024,6.1,0.8573,7.81733746130031,0.0142574257425743,0.0455445544554455,262
"S14.A.U",7.58659542923434,7.97,10.5559679,0.22,13.61,189.3,7.11,0.782,84.82268525,0.354224861,86.53713358,6.1,0.8573,7.38601823708207,0.01440329218107,0.0625514403292181,281
"S14.F.D",9.90131312645012,8.38,12.95686818,0.21,14.32281262,228.2,0.71,0.849,3.120087775,1.01845314,205.6098464,6.1,0.8573,9.77386196769457,0,0.078125,231
"S14.F.U",15.4811692401392,8.23,15.00404105,0.21,15.95893142,258.8,1.06,1.237,5.574801933,0.399214015,112.7735235,6.1,0.8573,10.7686375321337,0.0109811410837909,0.0926235378371927,329
"S14.H.D",9.51328995359629,8.53,5.387796016,0.26,14.14,78.7,0.91,0.45,8.615166393,0.710448515,90.58321524,6.1,0.8573,9.83022071307301,0.0134715025906736,0.0804835924006908,241
"S14.H.U",5.02040687587007,8.5,4.970428548,0.32,16.04358257,114.5,0.61,0.403,4.793046045,0.051020247,78.62832241,6.1,0.8573,9.52743902439024,0.01152,0.05792,289
"S15.G.D",10.3052706960557,7.73,8.267726787,0.28,15.01597444,64,2.76,0.718,11.31027932,1.25455699,139.0497201,6.1,0.8634,6.49346405228758,0.0161046804227479,0.0764972320080523,419
"S15.G.U",10.1885321925754,7.81,11.00104751,0.36,16.01718625,184,12.31,0.842,24.05038873,3.627560119,64.30938578,6.1,0.8634,6.20675105485232,0.0190346702923182,0.105370496261047,315
"S15.H.D",3.86101686832947,7.57,6.954619916,0.19,15.28166201,226.1,1.21,0.365,80.9681491,1.419802497,55.25060003,6.5,0.8672,7.58015267175572,0.0171198388721047,0.00503524672708963,129
"S15.H.U",7.93430379930394,7.5,6.11765318,0.26,15.41300878,167.2,2.81,0.326,2.076013366,0.920512104,48.29689125,6.5,0.8672,8.01587301587302,0.0158415841584158,0.00247524752475248,207
"S15.W.D",17.0917118677494,7.4,7.924715206,0.63,16.92323071,177.7,21.41,1.312,1.729839158,43.06487105,127.5724038,6.1,0.8634,8.30152671755725,0.0147126436781609,0.0836781609195402,294
"S15.W.U",15.5077016009281,7.51,7.545419874,0.25,15.09170654,111.3,37.71,0.982,1.955703205,7.060099689,98.5856755,6.1,0.8634,7.90334572490706,0.0145813734713076,0.0696142991533396,298
"S16.A.D",16.6684642459397,8.16,10.93762829,0.18,15.29388245,126.1,5.66,0.845,22.3197277,0,104.243599,6.1,0.8723,5.42276422764228,0.00524737631184408,0.0742128935532234,319
"S16.A.U",19.2095036136891,8.24,11.05935128,0.21,16.08070316,155.6,10.66,0.961,16.58899285,0.355394284,90.71286787,6.1,0.8723,5.65734265734266,0.00123609394313968,0.0624227441285538,287
"S16.F.D",1.54089562470998,8.29,6.23461854,0.33,15.89364254,171.4,4.31,0.404,2.627655172,0.048275862,164.7365517,6.1,0.8723,7.8370607028754,0.0179372197309417,0.0953933958418263,338
"S16.F.U",9.21302890951276,8.14,3.968700499,0.24,16.38412445,198.7,7.91,0.537,9.214097037,0.587804137,122.9793129,6.1,0.8723,6.63716814159292,0.0202666666666667,0.0634666666666667,324
"S16.H.D",9.36954969837587,7.69,4.411215603,0.02,15.11767052,127.1,1.76,0.349,64.158886,0.272789263,60.6109027,6.1,0.8723,3.66597077244259,0.0182232346241458,0.00227790432801822,165
"S17.A.D",10.6955352552204,8.29,11.80383744,0.22,16.95608782,358.8,2.41,0.86,51.02916721,0.907346501,110.9010077,7.7,0.8814,4.46327683615819,0.020253164556962,0.0413502109704641,199
"S17.A.U",11.2084341183295,8.18,12.08089662,0.15,16.07499003,392.5,1.41,1.035,82.94128926,0.609790681,122.3050393,7.7,0.8814,4.40077821011673,0.0203359858532272,0.0335985853227233,181
"S17.G.D",5.40642789791183,8.25,8.837080163,0.01,15.65,266.1,1.46,0.522,2.390118328,2.189017389,71.46299847,7.7,0.8814,4.53668763102725,0.0157116451016636,0.00462107208872458,227
"S17.G.U",7.86029832946636,8.49,7.934146583,0.3,29.92817239,489.3,4.41,0.542,4.968212043,0.462493881,132.756299,7.7,0.8814,4.00460829493088,0.0161104718066743,0.0218642117376295,213
"S17.W.D",8.33621274941995,8.21,9.550990666,0.29,16.0942492,120.8,1.41,0.658,0.833582639,2.612873154,95.50431893,7.7,0.8814,4.37413394919169,0.0147835269271383,0.0464625131995776,327
"S17.W.U",19.1033754408353,7.91,11.68318462,0.16,14.96802558,117.7,2.26,1.421,1.01264496,4.865357878,140.4800936,7.7,0.8814,4.54054054054054,0.0148809523809524,0.0168650793650794,321
"S18.A.D",16.9288643445476,8.1,13.24663961,0.27,14.50937375,162.9,10.16,1.472,35.03096184,0.819850972,78.30846974,7.6,0.8857,4.83441558441558,0.0181329751511081,0.0691739422431162,353
"S18.A.U",17.3264452726218,7.95,14.14379233,0.21,14.36552275,194.5,14.71,1.601,78.93975295,3.243919201,143.0681792,7.6,0.8857,4.40490797546012,0.0167130919220056,0.0492107706592386,271
"S18.F.D",7.21919297563805,8.32,3.266400323,0.28,14.79408237,199.8,0.56,0.299,11.26959929,1.63600973,113.3217368,7.6,0.8857,3.86222222222222,0.0218642117376295,0.0195627157652474,316
"S18.F.U",8.02308049303944,8.29,5.826849429,0.34,14.91210547,407.2,1.26,0.457,39.81897725,0.577865854,261.1149671,7.6,0.8857,3.84259259259259,0.0204819277108434,0.0409638554216867,313
"S18.H.D",2.88835386020882,9.11,2.974463774,0.27,14.88808953,54.5,0.86,0.043,1.773839322,0.504734613,103.9914817,7.6,0.888,4.37869822485207,0.0171171171171171,0.0351351351351351,208
"S18.H.U",2.74153323781903,9.04,2.26548734,0.19,13.71257485,48.2,1.86,0.048,0.74670622,0.84070288,83.51927307,7.6,0.888,4.82135523613963,0.0136286201022147,0.0195911413969336,237
"S18.W.D",17.5207250928074,7.99,9.267494783,0.4,15.37155414,205.1,3.86,1.029,0.685982325,10.50883807,94.10076159,7.6,0.8857,4.43585237258348,0.01743264659271,0.0285261489698891,461
"S18.W.U",13.9341379988399,7.9,9.504529975,0.31,16.06357457,465.1,3.31,1.16,0.944069673,6.872804914,112.9426294,7.6,0.8857,4.88848920863309,0.0154525386313466,0.0294334069168506,419
"S19.A.D",10.5637714617169,8.36,8.392516889,0.28,14.84655241,55.5,3.61,0.663,12.6589866,0.623091138,327.8972608,7.7,0.8826,5.26363636363636,0.0138169257340242,0.0673575129533679,293
"S19.A.U",13.061695649652,8.43,10.26461635,0.02,15.815716,85,6.96,0.85,13.56587091,0.884218121,141.8416862,7.7,0.8826,4.5244122965642,0.017585931254996,0.0647482014388489,283
"S19.F.D",12.7047414791183,8.53,16.50219251,0.14,17.72872553,138.7,0.51,0.818,5.018468263,0.183022183,128.179586,7.7,0.8826,4.79186228482003,0.0189418680600914,0.0326583932070542,263
"S19.F.U",13.742129437355,8.4,14.03859752,0.21,16.82980423,180.8,1.11,1.135,7.725951728,1.369287789,379.7974302,7.7,0.8826,4.50737463126844,0.0163612565445026,0.0431937172774869,316
"S2.A.D",23.6751173781903,8.01,18.06326472,0.54,14.38820247,108.2,8.56,1.548,32.52483602,1.454060931,130.2337194,2.2,0.6917,11.6657681940701,0.0016173752310536,0.0949630314232902,416
"S2.A.U",23.2631906438515,7.98,15.1330538,0.75,15.96529717,193.5,12.01,1.695,49.94554591,0.954834754,162.8625679,2.2,0.6917,11.7276478679505,0.010790523105794,0.0978184377199156,448
"S2.F.D",22.8396622679814,8.3,18.47988724,0.25,10.27178257,134.5,1.96,1.968,2.669232004,2.684572418,385.9264606,2.2,0.6917,12.7994505494505,0.00042927666881305,0.0933676754668384,277
"S2.F.U",40.4844021809745,8.13,20.95748907,0.68,15.98442492,355.6,2.26,2.539,12.21199798,0.881027815,146.2220434,2.2,0.6917,12.5339652448657,0.00126039828585833,0.0940257121250315,245
"S2.W.D",8.02142529582366,8.61,6.911372072,0.51,14.5383693,44,0.86,0.551,1.028038509,0.371782475,72.40883458,2.2,0.6917,12.0122887864823,0.0010230179028133,0.0938618925831202,363
"S2.W.U",6.69640295823666,8.63,5.35623746,0.48,15.05193767,40.8,1.06,0.374,2.127642105,2.059546129,54.92440474,2.2,0.6917,10.9721767594108,0,0.0915871121718377,458
"S20.A.D",13.5112145069606,8.36,8.798451956,0.39,14.8481215,116.6,6.16,0.843,14.49081587,0.345624667,230.4937455,8.1,0.893,4.86653771760155,0.0214626391096979,0.0882352941176471,344
"S20.A.U",16.4952607830626,8.26,9.502643219,0.17,15.53378649,199.8,8.86,1.066,20.81883563,1.05385427,286.7104833,8.1,0.893,4.61510791366906,0.0171473109898675,0.0545596258768511,280
"S20.F.D",13.4992127610209,8.47,6.233999473,0.3,14.84655241,142.9,0.81,0.679,6.288829974,1.031263114,105.9763477,8.1,0.893,6.46022727272727,0.0131926121372032,0.0496921723834653,323
"S20.F.U",33.022391937355,8.07,17.41473808,0.25,15.55,412.5,1.86,2.186,26.84829614,2.734135185,178.2382727,8.1,0.893,6.5424739195231,0.0136674259681093,0.0569476082004556,310
"S20.G.D",11.5859864385151,7.95,13.74857773,0.44,13.58369956,440.9,0.41,0.671,1.382562271,1.180799563,75.17586086,8.1,0.8982,4.58148148148148,0.0137429264349232,0.026677445432498,170
"S20.G.U",9.16088398491879,8.07,11.2642701,0.11,10.3493014,446.2,0.76,0.76,4.048169027,2.666980735,75.87560191,8.1,0.8982,4.39444444444444,0.0139064475347661,0.0101137800252845,73
"S20.H.D",5.44257373897912,8.24,7.973686833,0.27,13.53293413,463,1.81,0.492,4.27810797,0.6116476,90.93487192,8.1,0.893,4.65258215962441,0.0191725529767911,0.0221997981836529,118
"S20.H.U",22.6079424071926,8.33,8.641320518,0.11,12.54487435,564.1,3.41,0.404,20.35891414,0.964527551,84.0401191,8.1,0.893,3.52941176470588,0.0314814814814815,0.012962962962963,114
"S20.W.D",7.67284255220418,8.01,11.35980788,0.13,13.93884892,172.4,0.41,0.397,1.775664146,3.435797878,89.32526946,8.1,0.8983,4.63679245283019,0.0193285859613428,0.0223804679552391,273
"S20.W.U",9.34045221577726,7.96,12.36862925,0.28,14.4,212.4,0.76,0.589,1.924270373,3.908756727,67.26230833,8.1,0.8983,4.93970893970894,0.0151515151515152,0.0202020202020202,153
"S21.A.D",8.77563812064965,8.43,7.085282289,0.29,15.20741923,76.6,3.51,0.768,13.52083376,2.335147108,126.2705898,8,0.9073,5.36928104575163,0.0139987827145466,0.0426049908703591,415
"S21.A.U",15.0085396635731,8.39,9.506417479,0.38,16.60671463,120.8,6.16,1.079,19.28247075,3.651383611,90.00264939,8,0.9073,5.62134251290878,0.0153092467850582,0.0440906307409675,279
"S21.F.D",19.3629793909513,8.22,9.229732182,0.6,26.36671987,131.4,5.56,1.076,6.495242693,5.863202196,78.20707392,8,0.9073,4.96330275229358,0.0154035736290819,0.0418977202711029,307
"S21.F.U",19.919063787703,8.4,9.521544548,0.64,14.95811727,221.9,10.31,1.106,11.57412961,1.176792938,124.2269273,8,0.9073,4.80256821829856,0.00334224598930481,0.0294117647058824,294
"S21.G.D",8.3858528712297,8.31,6.674654912,0.28,13.60279441,232.4,0.31,0.425,2.473159363,1.155681946,81.05811654,8,0.9073,5.27142857142857,0.0155826558265583,0.0359078590785908,339
"S21.G.U",19.618132337587,8.71,10.80576019,0.29,12.88361897,537.8,1.36,1.185,12.806849,1.611968941,128.7328166,8,0.9073,5,0.0124031007751938,0.0310077519379845,300
"S21.H.D",4.73701271229698,8.8,1.123054709,0.4,12.77955272,33.4,0.36,0.099,12.4661644,1.349371594,71.80686011,8,0.9073,4.66817155756208,0.0212765957446809,0.0415860735009671,223
"S21.H.U",5.78660181206497,8.75,2.107122851,0.42,13.1247501,64,1.41,0.199,16.79191033,1.406306808,90.10076196,8,0.9073,4.46747967479675,0.0200181983621474,0.0282074613284804,164
"S21.W.D",1.93365428712297,8.12,2.122266876,0.48,15.40686079,39.8,0.41,0.194,0.892079588,1.529862098,57.04232486,8,0.9073,3.9368029739777,0.0169971671388102,0.00661000944287063,160
"S21.W.U",3.20354640777262,8.54,1.264885142,0.45,13.3,73.4,0.46,0.093,3.421536324,1.272993562,58.3729508,8,0.9073,4.69186046511628,0.0223048327137546,0.0421313506815366,189
"S22.A.D",6.00123607888631,8.41,3.838104914,0.39,13.69,55.5,1.66,0.203,24.19555574,0.358739347,95.11593305,8.3,0.911,4.6110183639399,0.0159304851556843,0.055756698044895,415
"S22.A.U",8.11764407772622,8.08,6.821477265,0.54,17.35833998,113.5,2.96,0.524,66.64312898,1.065097155,79.81128013,8.3,0.911,4.63322884012539,0.0162381596752368,0.0378890392422192,321
"S22.F.D",7.86099881670534,8.71,5.69162079,0.56,15.05783805,82.9,0.31,0.437,5.746996438,0.463885056,118.9444435,8.3,0.911,5.10631741140216,0.0126735063367532,0.0525045262522631,437
"S22.F.U",12.2032476508121,8.77,4.542246355,0.44,14.17597765,89.2,0.26,0.523,12.62945263,2.237318635,80.68699695,8.3,0.911,4.10294117647059,0.0129032258064516,0.0623655913978495,392
"S22.G.D",12.5901900464037,8.39,7.117777103,0.36,15.94260662,106.1,1.61,0.626,2.440516535,0.991330162,103.7161892,8.3,0.911,4.76712328767123,0.0172413793103448,0.0423850574712644,457
"S22.G.U",16.6808996229698,8.3,10.08529724,0.07,30.13562026,158.7,3.11,1.084,4.680762902,1.542914876,143.3323837,8.3,0.911,4.86805555555556,0.0114122681883024,0.0356633380884451,359
"S22.H.D",12.1468801392111,8.59,7.688440469,0.41,20.56532161,88.2,6.06,0.59,19.30649662,1.65822135,96.15065583,8.3,0.911,4.04545454545455,0.0194075587334014,0.0490296220633299,257
"S22.H.U",12.3431729466357,8.35,8.407590258,0.51,20.74192262,120.8,11.21,0.713,50.2780116,1.826108397,110.0870496,8.3,0.911,4.01140684410646,0.0180094786729858,0.0578199052132701,397
"S22.W.D",19.431449837587,7.69,5.551892848,0.54,20.07590891,58.7,0.41,1.333,0.952653231,4.652131893,104.8487148,8.3,0.911,4.54488188976378,0.0124740124740125,0.0471240471240471,289
"S22.W.U",23.1674156438515,7.66,13.90872802,0.29,17.15568862,213.5,1.31,1.548,1.529835519,5.794831511,95.42047065,8.3,0.911,4.56913183279743,0.0140745953553835,0.0429275158339198,267
"S23.A.D",10.814005962877,8.58,7.671616748,0.26,15.6237505,132.4,0.91,0.457,18.65466247,2.932974866,131.70824,6.6,0.8761,5.11915535444947,0.00353565114908662,0.0583382439599293,370
"S23.A.U",10.7649308526682,8.54,8.116404502,0.32,15.39,230.3,2.31,0.625,15.7031006,1.689340046,135.393756,6.6,0.8761,4.4396694214876,0.0163812360387193,0.0588235294117647,325
"S23.G.2.D",6.05827056844548,7.89,6.56390461,0.44,15.27555911,241.9,1.36,0.46,27.57685273,0.600460055,92.32176876,6.6,0.8761,4.39556962025316,0.0165586753059755,0.0431965442764579,280
"S23.G.2.U",7.50020057424594,7.99,7.137702894,0.36,15.5489022,263,2.91,0.464,2.990469404,2.770080575,85.00595981,6.6,0.8761,4.13333333333333,0.00413564929693962,0.0554177005789909,288
"S23.G.3.D",6.02069176914153,9.05,7.119196684,0.72,16.3143199,151.4,0.66,0.454,6.57589259,4.506365493,64.25396987,6.6,0.8706,4.61925925925926,0.0153944836433611,0.0333547145606158,389
"S23.G.3.U",5.13016779292343,8.91,5.95853242,0.37,18.59306497,150.3,1.46,0.334,3.516920499,4.188770465,97.08890677,6.6,0.8706,4.90171606864275,0.0178230426479949,0.0445576066199873,343
"S23.G.D",8.40980944895592,8.11,6.26322912,0.21,15.32773781,221.9,1.36,0.428,133.6708225,1.267739063,81.81696956,6.6,0.8861,4.53112033195021,0.0201465201465201,0.032051282051282,272
"S23.G.U",10.7391527610209,7.73,5.96921824,0.29,15.85365854,256.6,2.51,0.445,14.72270915,3.229466042,77.88903383,6.6,0.8861,4.74820143884892,0.0133333333333333,0.0393939393939394,410
"S24.A.D",12.3626842401392,8.42,6.264479016,0.38,16.09206855,140.8,2.06,0.558,28.2024077,4.875051953,166.5132031,5.5,0.8807,5.21523178807947,0.00253968253968254,0.0698412698412698,391
"S24.A.U",8.7733806612529,8.51,6.273869161,0.51,16.03152434,290.3,4.81,0.586,30.89315913,18.39438573,179.7286732,5.5,0.8807,4.46646341463415,0.0177474402730375,0.0566552901023891,307
"S24.F.D",5.49657629234339,8.63,4.405935871,0.32,15.44764189,75.6,0.16,0.251,1.09120803,4.276838676,103.4213292,5.5,0.8807,3.36263736263736,0.0228758169934641,0.0473856209150327,267
"S24.F.U",9.24504494199536,8.41,5.937863576,0.27,15.81205108,114.5,0.21,0.391,3.090054163,3.665295434,140.0469697,5.5,0.8807,3.52252252252252,0.0255754475703325,0.0217391304347826,304
"S24.G.D",13.9956310556845,8.86,4.55131181,0.27,15.98802395,84,0.66,0.484,5.2125256,3.895991988,92.35682766,5.5,0.8807,3.28686327077748,0.0244698205546493,0.0228384991843393,270
"S24.G.U",7.23664644431554,8.91,3.975427781,0.24,16.15123703,122.9,1.06,0.37,2.853333818,2.937795436,114.2231187,5.5,0.8807,3.77522935779817,0.00486026731470231,0.040097205346294,305
"S24.H.D",8.4558863225058,7.91,5.416322808,0.35,18.24162679,105,1.11,0.394,22.35151006,0.270081266,56.23507466,7.5,0.9044,3.50218340611354,0.0174563591022444,0.0336658354114713,215
"S24.H.U",7.40236738979118,8.11,5.383516166,0.51,17.37914503,147.1,1.21,0.361,8.636273055,0.425217594,67.51210861,7.5,0.9044,2.26112759643917,0.0183727034120735,0,164
"S25.A.D",9.72830102668213,8.28,2.985165422,0.4,16.18705036,65,1.26,0.262,12.11330586,4.855162141,58.32236549,8,0.9225,3.32929292929293,0.0194174757281553,0.0279126213592233,237
"S25.A.U",10.9211498259861,8.26,3.409209202,0.08,15.23172193,79.8,1.61,0.449,34.17032633,2.309586099,77.34547224,8,0.9225,3.26287262872629,0.0232558139534884,0.0332225913621262,191
"S25.F.D",18.0404569257541,8.38,13.10760805,0.1,15.81836327,205.1,1.41,1.142,5.182110523,24.94471299,138.0880329,8,0.9225,3.27884615384615,0.0234604105571848,0.0527859237536657,300
"S25.F.U",12.7772426276102,8.28,8.073733196,0.28,16.01235552,158.7,3.46,0.644,7.20703048,3.040391331,77.37361596,8,0.9225,3.16201117318436,0.0200235571260306,0.0341578327444052,311
"S25.G.D",9.65265946635731,7.61,1.551243167,0.07,15.46906188,127.1,1.06,0.128,63.8774305,2.803555439,53.80379705,8,0.9225,3.30518234165067,0.0174216027874564,0.0522648083623693,188
"S25.G.U",8.87920878770302,7.76,2.402951084,0.47,15.00599042,108.2,1.01,0.228,22.33974462,2.799161725,60.01565009,8,0.9225,3.51792828685259,0.0215175537938845,0.0362400906002265,269
"S26.A.D",10.6560604060325,8.01,9.510194739,0.27,16.29740519,126.1,1.81,0.544,26.68595017,4.829255054,149.6555813,7.9,0.9298,4.24657534246575,0.0161290322580645,0.0379032258064516,311
"S26.A.U",15.0961364849188,8.03,5.700145434,0.19,16.48384523,130.3,3.61,0.938,44.78781083,3.906987084,94.55767421,7.9,0.9298,2.99154929577465,0.0225988700564972,0.0753295668549906,255
"S26.F.D",12.5306611948956,8.27,9.406917489,0.12,15.9,113.5,1.96,0.561,6.03141926,3.108979,103.3908239,7.9,0.9298,5.14893617021277,0.0165289256198347,0.0775588048315321,260
"S26.F.U",14.8437245185615,8.25,12.1303393,0.46,17.01319472,182.9,1.31,0.855,6.423693543,2.592289565,92.82124837,7.9,0.9298,4.72878535773711,0.0140745953553835,0.0372976776917664,317
"S26.H.D",10.0398642575406,8.68,0.405975616,0.11,12.49000799,17.6,0.96,0.128,2.056792206,2.06965218,88.26765144,7.8,0.9406,4.71747211895911,0.0189125295508274,0.0449172576832151,224
"S26.H.U",14.8088172331787,8.59,1.968826907,0.21,14.2172524,44,2.01,0.351,4.834966114,1.58912599,95.80619325,7.8,0.9406,3.72558139534884,0.0162297128589263,0.0436953807740325,271
"S27.A.D",18.2387095011601,8.12,9.245352436,0.79,16.25099761,89.2,5.21,0.791,16.86404087,2.724724729,168.5979454,6.9,0.9393,5.10014947683109,0.0181711606096131,0.0674091441969519,257
"S27.A.U",18.0724101740139,7.95,9.369532819,0.3,15.49281724,88.2,4.96,0.802,20.96910468,6.035381184,106.7446878,6.9,0.9393,5.76488095238095,0.00361383582860093,0.0717604543107899,324
"S27.F.D",9.46870660092807,8.14,8.82915137,0.13,14.88808953,61.9,3.31,0.948,2.776331755,5.012251651,134.118741,6.9,0.9393,5.75510204081633,0.0141843971631206,0.0688956433637285,382
"S27.F.U",20.4155777436195,7.7,18.15976946,0.12,14.30710863,231.4,2.11,1.251,6.97717588,29.45556929,55.87038567,6.9,0.9393,6.12541254125413,0.0161637931034483,0.0851293103448276,404
"S28.A.D",9.32987937354988,8.47,6.539061147,0.61,15.84830339,59.8,3.26,0.358,8.053020476,4.171284594,85.39564206,6.5,0.9332,4.40898876404494,0.0214067278287462,0.055045871559633,288
"S28.A.U",9.81698107888631,8.39,7.366418963,0.46,16.17353059,86.1,4.66,0.442,23.94058901,3.368982755,100.3235672,6.5,0.9332,3.97762863534676,0.0168728908886389,0.0517435320584927,350
"S28.H.D",11.9210971287703,8.09,5.409837488,0.37,15.3132482,135.6,0.96,0.324,7.688015932,17.42854729,102.4393266,6.5,0.9344,4.22857142857143,0.0247747747747748,0.027027027027027,212
"S28.H.U",7.1409500812065,7.73,4.674895981,0.35,14.61661342,209.3,1.51,0.286,14.64351422,6.097613487,70.29433301,6.5,0.9344,4.4390243902439,0.0201465201465201,0.043040293040293,251
"S29.A.D",15.7057057192575,8.49,9.670970645,0.45,13.11851556,74.5,1.86,0.96,9.57353614,5.302458114,123.8118194,5.5,0.9348,5.49277688603531,0.0181180596142607,0.0701344243132671,331
"S29.A.U",15.46200725058,8.37,10.09332215,0.56,13.64816294,122.9,3.61,1.221,23.4171199,2.828837871,127.5522996,5.5,0.9348,5.33333333333333,0.0203651685393258,0.0856741573033708,289
"S29.F.D",16.3643906032483,8.38,11.35416802,0.27,14.00758786,110.3,7.41,1.306,10.20122343,4.004405663,237.8252927,5.5,0.9348,5.22916666666667,0.0166002656042497,0.0644090305444887,361
"S29.F.U",20.4447702030162,8.25,12.08450071,0.24,13.95974492,181.9,20.21,1.623,25.45166381,4.181706131,155.7098728,5.5,0.9348,6.09411764705882,0.0154440154440154,0.0675675675675676,384
"S29.G.D",8.19127785962877,7.69,3.539531986,0.14,13.18834796,315.6,1.96,0.499,57.94211744,2.744761446,83.5790026,5.5,0.9348,3.92656587473002,0.0187018701870187,0.055005500550055,337
"S29.G.U",14.0781623955916,7.66,4.09115965,0.36,13.4669059,328.2,0.51,0.452,99.06544908,2.853443025,114.4382972,5.5,0.9348,3.44289693593315,0.0226537216828479,0.0323624595469256,321
"S29.H.D",7.631013387471,8.74,1.686880396,0.36,14.17165669,19.7,0.46,0.239,0.986753155,9.623165744,89.19957704,5.5,0.9348,4.80829015544041,0.0193965517241379,0.0387931034482759,282
"S29.H.U",4.14430736484919,8.72,1.68520391,0.43,13.37929656,36.6,1.01,0.213,1.646972745,4.033936421,85.52347601,5.5,0.9348,4.20074349442379,0.0168141592920354,0.0380530973451327,273
"S3.A.D",32.6250222737819,8.11,22.80379818,0.57,15.54646988,193.5,2.91,3.288,59.1967738,9.295815811,142.6920461,-0.5,0.6437,12.8056872037915,0.000246730816679003,0.0986923266716013,381
"S3.A.U",33.7224711658933,8.01,22.96314174,0.66,16.57695375,226.1,4.26,3.321,61.22602835,11.14183551,220.8862574,-0.5,0.6437,13.2,0.00140944326990839,0.0965468639887245,264
"S3.F.D",20.2927599883991,8.3,15.50659648,0.49,14.59744918,107.1,1.56,1.474,0.878166744,3.220318099,175.6557511,1.5,0.6905,11.4067796610169,0.00123823675086677,0.0886577513620604,390
"S3.F.U",26.4479758352668,8.25,18.58156397,0.27,12.76978417,166.1,2.31,1.832,1.238023356,2.800479636,166.2005405,1.5,0.6905,11.2692828146143,0.000240153698366955,0.0977425552353506,486
"S3.G.D",19.8701583526682,8.41,16.41490782,0.14,13.99640862,95.6,1.36,1.662,10.41795574,0.364808423,158.8327233,-0.5,0.6437,11.6744791666667,0.00156145438322552,0.0959179121124247,342
"S3.G.U",26.4675554408353,8.23,18.51148661,0.41,15.12161085,185.1,2.61,2.629,22.84110388,1.309172919,146.6465841,-0.5,0.6437,12.5266106442577,0.000223613595706619,0.0983899821109123,464
"S3.W.D",12.7319678596288,8.01,8.02642373,0.58,15.05795364,42.9,1.56,0.468,0.892178343,2.361313855,95.21500253,1.5,0.6905,12.8412256267409,0.00130151843817787,0.0893709327548807,368
"S3.W.U",5.13805059280743,8.55,8.331631966,0.4,13.49380743,139.8,7.11,0.371,0.664389213,14.76980572,150.0370298,1.5,0.6905,12.8058823529412,0.000229673863114378,0.0973817179604961,422
"S30.A.D",6.53401880510441,8.21,6.934627452,0.49,14.77,125,3.61,0.438,22.26614627,5.805444202,73.72007036,6.1,0.9418,3.94638069705094,0.0271739130434783,0.0611413043478261,335
"S30.A.U",11.3620707772622,8.09,8.124506323,0.27,15.50418493,141.9,6.16,0.511,60.33561013,6.666643565,90.1872581,6.1,0.9418,4.06521739130435,0.025668449197861,0.053475935828877,125
"S30.F.D",5.98220067865429,8.38,7.784129336,0.29,15.970835,174.5,0.61,0.378,0.659387603,2.733430752,104.8964564,6.1,0.9418,4.13995485327314,0.0152671755725191,0.0119956379498364,210
"S30.F.U",6.06995341647332,8.32,7.654106855,0.32,14.97208931,210.3,1.36,0.562,1.27325763,4.373864313,93.7509514,6.1,0.9418,3.96153846153846,0.020631067961165,0.0218446601941748,198
"S30.G.D",11.2869523839907,8.25,5.834989111,0.44,13.68904876,855.7,4.81,0.488,49.52987044,7.739885993,125.4761518,6.1,0.9439,3.46534653465347,0.0285714285714286,0.0419047619047619,235
"S30.G.U",12.062624361949,8.19,6.408921288,0.45,14.36827421,1113.7,4.86,0.641,101.6196837,7.494239041,236.536645,6.1,0.9439,4.12820512820513,0.0149068322981366,0.0173913043478261,183
"S30.H.D",5.99906013921114,7.81,3.527945382,0.24,12.93413174,255.6,0.66,0.271,6.477582107,8.201702277,69.98509442,6.1,0.9418,3.45578231292517,0.0236220472440945,0.0275590551181102,162
"S31.A.D",8.24558172853828,8.64,3.827403168,0.17,11.18657611,81.9,2.66,0.432,11.10947699,5.669720423,129.9227774,6.9,0.9557,4.68607068607069,0.0150842945874002,0.0204081632653061,251
"S31.A.U",7.87505234338747,7.96,4.954640012,0.21,10.70574163,53.4,3.36,0.643,14.12652022,13.80860126,97.55019842,6.9,0.9557,4.53801169590643,0.0128865979381443,0.0180412371134021,147
"S31.F.D",6.6554967575406,8.54,2.541021508,0.24,10.11191047,27.1,0.41,0.302,2.730782487,3.77855301,124.3988558,6.9,0.9557,5.39770114942529,0.0161839863713799,0.010221465076661,241
"S31.F.U",11.7371360092807,8.39,8.69652009,0.26,11.19552179,74.5,1.51,0.534,4.573277009,16.94705538,114.8126583,6.9,0.9557,5.05521472392638,0.0161812297734628,0.0186084142394822,225
"S31.H.D",3.80278268329466,7.9,2.826519146,0.06,11.7359169,142.9,1.96,0.403,24.01221298,0.330672721,45.98004185,6.9,0.9557,3.83783783783784,0.0241448692152917,0.0261569416498994,216
"S31.H.U",2.79362469605568,7.85,2.824834354,0.17,11.53692615,168.2,0.66,0.332,15.78983437,2.654322071,69.09026128,6.9,0.9557,3.69590643274854,0.0174050632911392,0,87
"S31.W.D",9.14141026102088,8.62,3.958455641,0.18,11.53154952,32.4,1.21,0.715,0.641491336,4.363456444,100.9994718,6.9,0.9557,4.40865384615385,0.0152671755725191,0.00436205016357688,170
"S31.W.U",6.727244274942,8.1,9.634534309,0.23,13.03,77.7,1.26,0.575,13.26439171,10.18094479,111.8931811,6.9,0.9557,4.43070362473348,0.0192492781520693,0.014436958614052,156
"S32.A.D",13.4146175986079,8.59,6.255116937,0.09,12.5199362,65,2.96,0.987,16.81134742,4.161776963,150.3773866,7.9,0.9613,4.25684210526316,0.0158259149357072,0.0415430267062315,175
"S32.A.U",11.8373560266821,8.44,6.225962782,0.13,12.33040702,82.9,4.56,0.675,24.837464,4.344107899,122.389011,7.9,0.9613,4.07183364839319,0.0148560817084494,0.0334261838440111,203
"S32.F.D",10.006516850348,8.37,8.52269042,0.24,12.90967226,104,4.26,0.881,3.800976911,5.531158164,84.58080911,7.9,0.9613,4.61458333333333,0.017306245297216,0.0383747178329571,187
"S32.F.U",12.1287729640371,8.51,7.665517271,0.02,11.25299282,125,5.81,0.814,3.781976501,4.311874721,140.4058238,7.9,0.9613,4.45945945945946,0.0128787878787879,0.0272727272727273,225
"S32.G.D",4.07153177436195,8.3,1.262244201,0.15,9.700598802,51.3,0.41,0.267,1.888910765,2.764969533,88.45407796,7.9,0.9613,4.6199460916442,0.0210035005834306,0.0198366394399067,103
"S32.G.U",5.72568509280742,8.4,4.126720734,0.47,11.36363636,325.1,1.66,0.738,6.988720714,5.840631598,116.5312585,7.9,0.9613,4.33962264150943,0.0173913043478261,0.0251207729468599,175
"S32.W.D",8.15953516821346,8.96,1.83472709,0.25,15.55,31.3,0.11,0.57,0.843673555,4.017493119,48.90692828,7.9,0.9613,4.03097345132743,0.017563117453348,0.0252469813391877,220
"S32.W.U",7.93559587587007,8.66,3.978204472,0.12,14.25578611,68.2,0.16,0.636,0.824393235,2.863383791,62.68524151,7.9,0.9613,3.89667896678967,0.0208333333333333,0.0397727272727273,184
"S33.G.D",9.29279016241299,8.57,6.405085907,0.35,17.99401198,694.6,3.56,1.054,212.22505,11.18183963,277.802272,7.7,0.9634,4.5,0.0165837479270315,0.00995024875621891,179
"S33.G.U",11.0423230336427,8.61,5.663950444,0.01,20.73170732,1038.9,3.81,1.41,222.5878027,10.02304052,472.3906413,7.7,0.9634,4.02332361516035,0.0159420289855072,0.0217391304347826,257
"S33.H.D",9.15024711716937,8.16,3.267378287,0.1,15.63749001,160.8,0.96,0.176,9.730455874,6.520108401,53.09260838,7.7,0.9634,3.265625,0.0287081339712919,0.0287081339712919,72
"S35.A.D",11.8715845243619,8.74,4.235790925,0.18,13.23470612,96.6,2.51,0.524,4.813454056,3.800816183,187.7991266,8.7,0.9743,3.30967741935484,0.00974658869395711,0.00779727095516569,134
"S35.A.U",11.4060279350348,8.25,5.556327268,0.35,15.9054647,112.4,9.81,0.673,12.24036986,4.015990186,95.84983338,8.7,0.9743,3.33333333333333,0.0115384615384615,0.0205128205128205,257
"S35.H.D",5.26234981670534,8.68,5.956162986,0.2,17.91134185,399.8,0.81,0.29,49.76645727,4.764709772,87.27949586,8.5,0.9696,2.67058823529412,0.0220264317180617,0.026431718061674,324
"S35.H.U",10.4603457482599,8.39,2.822591087,0.03,14.88618211,173.5,1.06,0.414,15.69202191,3.670896782,69.38905058,8.5,0.9696,3.2401055408971,0.0179153094462541,0,121
"S36.G.D",2.77848281032483,8.07,1.401826701,0.13,13.52459016,191.4,2.26,0.59,81.09439731,8.687182904,95.80779506,9,0.9737,3.52201257861635,0.0142857142857143,0,167
"S36.G.U",1.88012427552204,8.14,1.261742414,0.25,14.11049063,169.3,1.61,0.214,84.18102458,1.84065075,104.8302306,9,0.9737,3.63451776649746,0.0167597765363128,0,161
"S37.A.D",4.92533584802784,8.56,6.100619142,0.07,12.03518593,73.4,2.26,0.464,20.97019423,6.203091411,73.05134972,8.9,0.9751,3.53914988814318,0.0278128950695322,0.02275600505689,173
"S37.A.U",5.50775426276102,8.42,6.096375443,0.2,12.22022382,100.8,5.96,0.835,18.32374464,3.633199875,76.91346166,8.9,0.9751,2.89041095890411,0.023696682464455,0.018957345971564,133
"S37.F.D",5.65104610962877,8.81,6.562592354,0.09,12.46501399,74.5,0.61,0.3,1.229218983,1.209220339,90.24504407,8.9,0.9751,3.26708074534162,0.0190114068441065,0.0392902408111534,233
"S37.F.U",6.79186762761021,8.77,4.835254425,0.21,11.89572513,87.1,0.81,0.645,0.999680059,1.877607204,132.4074606,8.9,0.9751,3.21904761904762,0.0177514792899408,0.0319526627218935,334
"S37.G.D",4.02050222099768,8.73,5.107203709,0.19,11.21654015,73.4,0.76,0.759,3.884347507,2.06450676,105.0877867,8.9,0.9751,3.19347319347319,0.0145985401459854,0.0408759124087591,182
"S37.G.U",7.03160209396752,8.78,5.665636812,0.4,11.77644711,82.9,0.76,0.845,8.180882014,2.16923966,73.59638555,8.9,0.9751,3.17826086956522,0.0218878248974008,0.039671682626539,209
"S37.H.D",0.760140009280742,8.37,0.120916896,0.18,11.28389155,190.3,0.36,0.451,195.9990597,2.131896977,49.99859436,9,0.9776,3.28706624605678,0.0287907869481766,0.00575815738963532,41
"S37.W.D",1.8106711049884,9.22,0.690131125,0.06,8.775958466,14.5,0.21,0.145,0.684048972,2.630131796,74.17615778,8.9,0.9751,3.48849104859335,0.0175953079178886,0.0205278592375367,159
"S37.W.U",1.55978947157773,8.8,1.118592388,0.27,9.332533973,26.1,0.16,0.423,0.879421808,2.895312698,96.62341108,8.9,0.9751,3.1390134529148,0.0185714285714286,0.0228571428571429,263
"S38.A.D",6.03521345707657,8.1,2.979507752,0.26,10.43660287,84,0.51,0.456,5.029545906,3.48073132,164.2993864,9.3,0.9767,2.92920353982301,0.027190332326284,0.0120845921450151,104
"S38.A.U",6.41328209396752,8.12,5.123510885,0.41,12.34,125,2.11,0.471,10.95867081,2.835723637,88.65391179,9.3,0.9767,2.96253602305476,0.0116731517509728,0.0155642023346304,153
"S38.G.D",9.50937788863109,8.74,6.402531536,0.37,11.71531387,431.4,1.91,0.909,74.86503481,4.786709456,203.1272743,9.3,0.9767,3.81229773462783,0.0203735144312394,0.0101867572156197,142
"S38.G.U",9.12638569605569,8.71,6.221027417,0.12,11.75767238,476.7,2.16,1.022,95.0703251,3.677223011,365.3021752,9.3,0.9767,3.99159663865546,0.0210526315789474,0,118
"S39.G.D",3.99839844721578,8.44,1.689906492,0.3,12.2955724,905.2,3.11,0.651,89.90107504,7.669093343,263.3322311,9.1,0.9799,3.93548387096774,0.0122950819672131,0,122
"S39.G.U",7.78661941415313,8.61,1.685874104,0.36,11.93091054,925.2,4.56,0.429,113.1772066,5.886931109,416.6296872,9.1,0.9799,3.67474048442907,0.0131826741996234,0.0169491525423729,103
"S39.H.U",1.63338855220418,8.55,0.405612993,0.35,10.38,28.2,1.01,0.243,2.160706166,0.390633879,55.70639445,9.1,0.9799,3.41018766756032,0.0141509433962264,0.0314465408805031,267
"S4.A.D",17.3949655046404,8.3,13.60975525,0.63,16.20351859,195.6,4.01,1.227,23.26256949,0.248643043,119.9359318,4.3,0.7709,11.8882352941176,0.00024740227610094,0.104156358238496,460
"S4.A.U",19.3949648433875,8.02,14.64334273,0.47,14.95205753,239.8,7.21,1.294,61.01455618,1.743368561,124.5863713,4.3,0.7709,11.4174757281553,0,0.109126984126984,401
"S4.F.D",21.1269423955916,8.77,13.70557496,0.56,15.69,288.2,1.11,1.426,15.51659092,0.631486341,352.7288397,4.3,0.7709,10.3748211731044,0.0115830115830116,0.0474351902923332,415
"S4.F.U",8.51062681554524,8.91,10.27185867,0.46,15.43443603,230.3,1.76,0.531,16.07248426,3.104108412,209.6927192,4.3,0.7709,10.9699842022117,0.0109447004608295,0.105702764976959,379
"S4.G.D",28.9461402436195,7.94,19.09889929,0.27,16.15829346,176.6,1.31,2.703,7.384676874,2.806256681,111.773452,4.3,0.7709,12.0359820089955,0.000747384155455904,0.0926756352765321,283
"S4.G.U",32.299015400232,8.07,19.29871543,0.49,14.85405838,307.2,2.36,2.93,14.09573643,2.827578612,160.2157452,4.3,0.7709,11.5798319327731,0.000483792936623125,0.0962747943880019,382
"S4.W.D",20.4846284280742,8.28,12.16126671,0.48,16.79297966,213.5,2.01,0.988,0.79663593,3.531007469,386.195686,4.3,0.7709,11.1330472103004,0,0.0146491904394757,115
"S40.A.D",10.474788300464,8.3,9.376053671,0.31,16.2,213.5,3.96,0.834,26.47482736,3.63449145,111.8422392,10.1,0.9788,3.55721393034826,0.0167832167832168,0.0391608391608392,153
"S40.A.U",12.704671136891,8.67,10.23094179,0.47,16.20813397,214.5,4.96,1.225,54.78734188,1.429524375,110.9123436,10.1,0.9788,3.36426914153132,0.0193103448275862,0.0331034482758621,140
"S40.F.D",4.48065167111369,8.85,11.78156826,0.46,14.8443735,152.4,0.56,0.503,0.436740645,1.748249633,63.76928233,8.7,0.9813,3.5531914893617,0.0167664670658683,0.0263473053892216,173
"S40.F.U",4.44288713051044,8.98,6.675983334,0.68,15.05591054,124,0.46,0.394,0.348492056,1.973961525,90.13666405,8.7,0.9813,3.86570743405276,0.0173697270471464,0.0297766749379653,191
"S40.H.U",3.84090391763341,8.38,1.268043565,0.15,11.66733147,50.3,1.21,0.113,12.89841032,1.721496194,73.39979355,10.1,0.9813,2.82564102564103,0.0272232304900181,0.0326678765880218,321
"S41.A.D",6.97131377610209,8.55,7.394291503,0.17,15.39153016,81.9,7.11,0.73,39.03415341,110.6771765,156.9536376,9.2,0.9791,4.0990990990991,0.0186813186813187,0.0384615384615385,179
"S41.A.U",8.88158713457076,8.74,8.787103621,0.38,15.0378939,182.9,18.11,0.713,36.39855161,1.719401477,79.11131072,9.2,0.9791,3.73643410852713,0.0134854771784232,0.024896265560166,160
"S41.F.D",7.06857334106729,9.05,7.830680494,0.25,14.70295056,131.4,5.86,0.786,3.424999903,5.713613078,88.85630033,9.2,0.9791,3.4188376753507,0.0211019929660023,0.0351699882766706,240
"S41.F.U",10.0891948201856,8.9,9.370613617,0.32,15.55133839,160.8,7.76,0.837,3.163016011,7.690848954,104.6135098,9.2,0.9791,3.53435114503817,0.0140388768898488,0.0280777537796976,261
"S42.A.D",6.46031141531322,8.21,5.802566072,0.37,14.25578611,146.1,9.46,0.757,30.64334827,1.814584709,53.60559131,9.3,0.9806,2.75675675675676,0.030812324929972,0.0476190476190476,110
"S42.A.U",5.28100071055684,8.17,5.971598074,0.4,14.12480064,134.5,11.71,0.492,97.74554504,6.456877914,56.98063093,9.3,0.9806,2.22033898305085,0.0305343511450382,0.0381679389312977,89
"S42.F.D",8.91902886310905,8.42,9.393798967,0.31,13.67265469,94.5,2.41,0.565,4.804185421,7.205454651,95.33434114,9.3,0.9806,4.62880324543611,0.0175284837861525,0.0184049079754601,158
"S42.F.U",10.1024646577726,8.46,8.835316978,0.6,15.06781013,101.9,4.36,0.748,2.071114835,6.025961856,88.5073466,9.3,0.9806,4.16541353383459,0.0144404332129964,0.01985559566787,128
"S42.G.D",2.96162724825986,8.96,5.97040792,0.36,14.09489633,80.8,0.81,0.51,0.484818449,8.656020931,85.0728367,9.3,0.9806,4.63613231552163,0.0252469813391877,0.017563117453348,196
"S42.G.U",3.31681417111369,8.8,6.103653973,0.14,12.97,101.9,1.16,0.333,1.03423613,5.980687901,71.58299445,9.3,0.9806,3.66836734693878,0.0222531293463143,0.0264255910987483,285
"S42.H.D",3.00598078306265,9.04,0.54244761,0.22,11.14878341,88.2,0.51,0.178,4.251173701,4.284004389,128.5761841,9.3,0.9806,1.45121951219512,0.0420168067226891,0.0336134453781513,92
"S42.H.U",2.24279334860789,9.04,0.549153568,0.41,14.9,77.7,2.36,0.047,2.168871395,2.001542446,118.7475102,9.3,0.9806,1.42011834319527,0.0416666666666667,0.025,125
"S5.A.D",12.3169634802784,8.25,13.06557924,0.12,16.3676236,370.4,8.46,1.12,25.19617905,5.6263798,101.4521526,6.6,0.8189,10.6581560283688,0.00133084908171413,0.100878360393931,383
"S5.A.U",17.2115226044084,8,14.27721594,0.19,14.11306432,520.9,35.31,1.365,45.10242865,2.627734133,107.0013339,6.6,0.8189,9.93220338983051,0.0118141244421108,0.0900498818587556,323
"S6.A.D",12.3798822795824,8.34,9.98245272,0.03,14.95205753,172.4,19.56,0.847,1.234363122,0.764499378,105.2533619,7.5,0.8533,11.1123595505618,0.000252780586450961,0.103387259858443,292
"S6.A.U",12.1435693329466,8.26,11.23134409,0.82,15.2434158,331.4,54.11,1.292,0.901941937,5.042926894,176.183014,7.5,0.8533,10.9666666666667,0.0118817352859906,0.0834484664271898,253
"S6.F.D",12.754416049884,8.15,12.3761094,0.08,16.63,138.7,4.61,0.945,4.284175508,5.98693282,82.94662658,7.5,0.8636,9.75779816513761,0,0.102294095524633,427
"S7.A.D",8.76580642111369,8.38,7.417312544,0.31,12.76978417,87.1,4.71,0.749,13.69509288,1.429846633,102.7044647,8.2,0.8854,9.29177718832891,0.000570939194975735,0.0879246360262632,356
"S7.A.U",9.56600160672854,8.12,8.499866314,0.34,14.07931447,125,8.51,0.843,38.40946669,1.719962488,77.55624561,8.2,0.8854,9.68911917098446,0.0106951871657754,0.106149732620321,378
"S7.F.D",10.6451745011601,8.43,12.70141686,0.01,9.515743324,110.3,0.76,0.572,0.901762436,1.575028238,138.5742754,8.2,0.8854,9.11858407079646,0.00232919254658385,0.0197981366459627,260
"S7.F.U",11.7764721809745,8.51,10.20760201,0.01,11.21551379,108.2,1.06,0.786,3.077950322,1.918784933,91.28591906,8.2,0.8854,8.61829652996845,0.00183016105417277,0.0629575402635432,324
"S7.H.D",2.74354911020882,8.98,1.966288501,0.01,12.64459513,56.6,0.91,0.079,0.885039246,0.585183268,63.17557849,8.2,0.8854,8.65168539325843,0.0155844155844156,0.099443413729128,306
"S7.H.U",2.21517962529002,9.13,1.691592352,0.04,13.58825879,66.1,1.46,0.145,1.10787695,0.272627394,76.5537722,8.2,0.8854,7.79642857142857,0.0146587265231333,0.0169491525423729,149
"S8.A.D",9.83634538863109,7.96,9.955464675,0.19,13.87006776,627.3,11.56,0.852,56.72828748,1.531974534,106.4795252,4.6,0.8586,9.66307277628032,0.00195258019525802,0.0853556485355648,356
"S8.A.U",12.7027533932715,7.9,9.612349469,0.6,17.52094136,269.3,3.36,0.957,52.77808612,0.654217796,151.5635715,4.6,0.8586,8.79194630872483,0.0134351145038168,0.0867175572519084,383
"S8.G.D",5.57805523027842,8.06,9.760161619,0.19,14.49780789,121.9,1.01,0.561,9.626847446,1.542900433,61.56279134,4.6,0.8586,6.79370629370629,0.00257334019557385,0.0766855378281009,303
"S8.G.U",8.03239318445476,8.1,9.138742731,0.2,13.89776358,185.1,1.56,0.677,2.711133833,2.446723237,85.54895837,4.6,0.8586,6.17770597738288,0.0172594142259414,0.0632845188284519,279
"S9.A.D",12.7975355510441,8.36,8.528627804,0.06,20.38,68.2,8.51,0.942,11.36466458,0.706013572,107.7639971,5.2,0.8378,11.5790960451977,0.0112222493291047,0.0990485484264455,353
"S9.A.U",13.6648506090487,8.23,9.414430251,0.41,21.27744511,85,18.21,0.918,9.843510872,1.021062388,100.3880372,5.2,0.8378,10.3798561151079,0.00138619351261436,0.103410036041031,425
"S9.F.D",29.1133602262181,8.17,16.10771411,0.5,14.93415802,315.6,7.06,1.642,3.337338712,1.634788947,86.87600163,5.2,0.8378,9.75471698113208,0.000828958275766786,0.109975131251727,382
"S9.F.U",28.7059855104408,7.99,17.00611393,0.64,15.59,477.8,6.16,1.799,7.017045439,2.300397082,112.2498423,5.2,0.8378,10.3591240875912,0.0112739571589628,0.114148816234498,461
"S9.W.D",13.1472706612529,8.1,10.90309657,0.04,11.95,147.1,0.41,0.912,0.689829584,3.297364474,73.7667538,5.2,0.8378,6.84600389863548,0,0.00740318906605923,278
"S9.W.U",19.5669482134571,8.2,11.98508331,0.15,12.94340375,205.1,0.81,1.348,0.763200136,9.568954665,163.7811278,5.2,0.8378,6.46263345195729,0,0.0781938325991189,363
